names,mu,mu_star,sigma,mu_star_conf,index
M1 mix,,6.318249999526889,,4.0484911535832655,10
M0 mix,,1.636150000240653,,1.870438103406261,10
