method,names,Q1,Q3,minimum,maximum,std,mean,median,IQR,CQV,CV
climate change,M0 mix,9.99999983693711,9.999999971200513,1.7763568394002505e-15,10.0,0.14142135488941532,9.997999904707422,9.99999990508876,1.3426340217392863e-07,6.71317017309667e-07,1.4144964616655877
climate change,M1 mix,6.640161143843463,13.50727357985153,5.0,14.949986923812604,3.4587207898103096,10.058806465060094,10.110563742496659,6.867112436008067,34.084301699867495,34.38500185707317
